date,feature_index,NO2
2021-12-17T00:00:00.000Z,0,
2021-12-22T00:00:00.000Z,0,
2021-12-21T00:00:00.000Z,0,
2021-12-19T00:00:00.000Z,0,
2021-12-16T00:00:00.000Z,0,
2021-12-20T00:00:00.000Z,0,
2021-12-15T00:00:00.000Z,0,
2021-12-18T00:00:00.000Z,0,1.1363019211785286E-5
2022-04-08T00:00:00.000Z,0,1.544589182837323E-5
2022-04-07T00:00:00.000Z,0,2.4440791245676035E-5
2022-04-06T00:00:00.000Z,0,
2022-04-10T00:00:00.000Z,0,1.2572156416960448E-5
2022-04-12T00:00:00.000Z,0,2.4665041564730927E-5
2022-04-11T00:00:00.000Z,0,2.084000533386643E-5
2022-04-13T00:00:00.000Z,0,1.973436201296863E-5
2022-04-09T00:00:00.000Z,0,1.2715555385511834E-5
2023-02-28T00:00:00.000Z,0,2.5357955109939212E-5
2023-03-05T00:00:00.000Z,0,
2023-03-04T00:00:00.000Z,0,
2023-03-06T00:00:00.000Z,0,2.788262695503363E-5
2023-03-01T00:00:00.000Z,0,2.6507258553465363E-5
2023-03-07T00:00:00.000Z,0,2.7582288021221756E-5
2023-03-03T00:00:00.000Z,0,
2023-03-02T00:00:00.000Z,0,
2022-05-12T00:00:00.000Z,0,2.3867831335640705E-5
2022-05-10T00:00:00.000Z,0,
2022-05-09T00:00:00.000Z,0,
2022-05-08T00:00:00.000Z,0,
2022-05-15T00:00:00.000Z,0,8.533670059781192E-6
2022-05-14T00:00:00.000Z,0,1.132624663569004E-5
2022-05-11T00:00:00.000Z,0,
2022-05-13T00:00:00.000Z,0,2.9411523125115007E-5
2022-08-01T00:00:00.000Z,0,3.1056877560331486E-5
2022-08-02T00:00:00.000Z,0,3.435652470216155E-5
2022-07-28T00:00:00.000Z,0,3.3497698950668564E-5
2022-07-29T00:00:00.000Z,0,4.399128617175544E-5
2022-07-30T00:00:00.000Z,0,2.1010163209211896E-5
2022-07-27T00:00:00.000Z,0,2.5043163683828123E-5
2022-08-03T00:00:00.000Z,0,4.1333460103487596E-5
2022-07-31T00:00:00.000Z,0,2.2734157785938198E-5
2022-12-25T00:00:00.000Z,0,
2022-12-19T00:00:00.000Z,0,3.3360053142435696E-5
2022-12-22T00:00:00.000Z,0,
2022-12-20T00:00:00.000Z,0,2.2977528715273365E-5
2022-12-18T00:00:00.000Z,0,1.721859977502997E-5
2022-12-24T00:00:00.000Z,0,
2022-12-23T00:00:00.000Z,0,
2022-12-21T00:00:00.000Z,0,2.0042644185499132E-5
2023-06-19T00:00:00.000Z,0,3.932604219395822E-5
2023-06-14T00:00:00.000Z,0,3.770196174931092E-5
2023-06-18T00:00:00.000Z,0,1.7618074771519332E-5
2023-06-17T00:00:00.000Z,0,6.0197286074981093E-5
2023-06-16T00:00:00.000Z,0,2.350608315282443E-5
2023-06-15T00:00:00.000Z,0,2.6447266767111916E-5
2023-06-13T00:00:00.000Z,0,4.4167123026757814E-5
2023-06-12T00:00:00.000Z,0,4.439762196852826E-5
2021-02-19T00:00:00.000Z,0,
2021-02-15T00:00:00.000Z,0,3.355361089537231E-5
2021-02-17T00:00:00.000Z,0,1.5008436548669124E-5
2021-02-21T00:00:00.000Z,0,1.3478842629410791E-5
2021-02-14T00:00:00.000Z,0,
2021-02-20T00:00:00.000Z,0,
2021-02-16T00:00:00.000Z,0,
2021-02-18T00:00:00.000Z,0,
2021-04-11T00:00:00.000Z,0,2.5501404403864097E-5
2021-04-17T00:00:00.000Z,0,3.614705080205264E-5
2021-04-15T00:00:00.000Z,0,1.6739239072194323E-5
2021-04-12T00:00:00.000Z,0,2.0427039089554455E-5
2021-04-16T00:00:00.000Z,0,2.1377475968620273E-5
2021-04-13T00:00:00.000Z,0,
2021-04-14T00:00:00.000Z,0,
2021-04-18T00:00:00.000Z,0,3.1225276416080305E-5
2022-09-26T00:00:00.000Z,0,2.2275709833744866E-5
2022-09-27T00:00:00.000Z,0,
2022-09-21T00:00:00.000Z,0,
2022-09-23T00:00:00.000Z,0,3.1312381906900555E-5
2022-09-25T00:00:00.000Z,0,2.0918067093589343E-5
2022-09-22T00:00:00.000Z,0,4.182267002761364E-5
2022-09-24T00:00:00.000Z,0,
2022-09-28T00:00:00.000Z,0,3.1657767370537236E-5
2023-11-11T00:00:00.000Z,0,
2023-11-14T00:00:00.000Z,0,4.3692409235518426E-5
2023-11-16T00:00:00.000Z,0,3.101439839762558E-5
2023-11-17T00:00:00.000Z,0,3.694985207403079E-5
2023-11-18T00:00:00.000Z,0,3.2327548979083076E-5
2023-11-15T00:00:00.000Z,0,
2023-11-12T00:00:00.000Z,0,
2023-11-13T00:00:00.000Z,0,2.7210027110413648E-5
2021-05-04T00:00:00.000Z,0,
2021-04-28T00:00:00.000Z,0,
2021-04-27T00:00:00.000Z,0,2.4275823307107203E-5
2021-05-02T00:00:00.000Z,0,1.605584778493115E-5
2021-05-03T00:00:00.000Z,0,2.1411493586735258E-5
2021-05-01T00:00:00.000Z,0,2.8681105504801963E-5
2021-04-30T00:00:00.000Z,0,
2021-04-29T00:00:00.000Z,0,
2022-07-03T00:00:00.000Z,0,1.5623262053547176E-5
2022-07-08T00:00:00.000Z,0,2.905416643746624E-5
2022-07-07T00:00:00.000Z,0,2.3649792638025247E-5
2022-07-06T00:00:00.000Z,0,
2022-07-04T00:00:00.000Z,0,2.199026099939753E-5
2022-07-05T00:00:00.000Z,0,3.282950668411407E-5
2022-07-09T00:00:00.000Z,0,2.266349603511723E-5
2022-07-10T00:00:00.000Z,0,2.5051000193343498E-5
2021-08-11T00:00:00.000Z,0,3.182068030582741E-5
2021-08-16T00:00:00.000Z,0,3.731666462651143E-5
2021-08-13T00:00:00.000Z,0,
2021-08-10T00:00:00.000Z,0,3.1619900983059776E-5
2021-08-14T00:00:00.000Z,0,3.7565409002127126E-5
2021-08-12T00:00:00.000Z,0,2.7451521115532767E-5
2021-08-15T00:00:00.000Z,0,2.655507887538988E-5
2021-08-09T00:00:00.000Z,0,
2022-01-29T00:00:00.000Z,0,2.3625257502620418E-5
2022-01-25T00:00:00.000Z,0,1.5254653590091038E-5
2022-01-31T00:00:00.000Z,0,
2022-01-24T00:00:00.000Z,0,1.3207261872594245E-5
2022-01-27T00:00:00.000Z,0,
2022-01-30T00:00:00.000Z,0,
2022-01-28T00:00:00.000Z,0,3.858000794328594E-5
2022-01-26T00:00:00.000Z,0,
2022-03-29T00:00:00.000Z,0,3.8369962567230687E-5
2022-04-04T00:00:00.000Z,0,2.6359215553384274E-5
2022-04-02T00:00:00.000Z,0,
2022-03-31T00:00:00.000Z,0,
2022-04-03T00:00:00.000Z,0,1.3870801603843575E-5
2022-03-30T00:00:00.000Z,0,4.4146560685476285E-5
2022-04-01T00:00:00.000Z,0,
2022-04-05T00:00:00.000Z,0,2.850293306740544E-5
2023-12-28T00:00:00.000Z,0,2.8448146622395143E-5
2023-12-22T00:00:00.000Z,0,2.6993408937414642E-5
2023-12-25T00:00:00.000Z,0,
2023-12-21T00:00:00.000Z,0,2.2644035046444817E-5
2023-12-27T00:00:00.000Z,0,2.5152653051918605E-5
2023-12-23T00:00:00.000Z,0,1.9284369045635685E-5
2023-12-26T00:00:00.000Z,0,
2023-12-24T00:00:00.000Z,0,2.1119103375137154E-5
2021-12-11T00:00:00.000Z,0,2.8319237571849953E-5
2021-12-10T00:00:00.000Z,0,
2021-12-09T00:00:00.000Z,0,3.3904265971311055E-5
2021-12-12T00:00:00.000Z,0,2.3285425716797665E-5
2021-12-13T00:00:00.000Z,0,
2021-12-07T00:00:00.000Z,0,2.412826597719686E-5
2021-12-14T00:00:00.000Z,0,4.0411599305419564E-5
2021-12-08T00:00:00.000Z,0,
2022-10-21T00:00:00.000Z,0,
2022-10-16T00:00:00.000Z,0,1.8610638714259647E-5
2022-10-20T00:00:00.000Z,0,
2022-10-19T00:00:00.000Z,0,2.2361504306900315E-5
2022-10-18T00:00:00.000Z,0,
2022-10-22T00:00:00.000Z,0,1.689295550022507E-5
2022-10-17T00:00:00.000Z,0,
2022-10-15T00:00:00.000Z,0,
2023-05-08T00:00:00.000Z,0,
2023-05-03T00:00:00.000Z,0,2.9991852443345124E-5
2023-05-04T00:00:00.000Z,0,3.0343219623318874E-5
2023-05-06T00:00:00.000Z,0,9.31882944617731E-6
2023-05-07T00:00:00.000Z,0,
2023-05-05T00:00:00.000Z,0,
2023-05-09T00:00:00.000Z,0,2.0115558072575368E-5
2023-05-10T00:00:00.000Z,0,2.857447034330107E-5
2023-07-25T00:00:00.000Z,0,4.183619603281841E-5
2023-07-23T00:00:00.000Z,0,2.8393867069098633E-5
2023-07-24T00:00:00.000Z,0,2.8584065148606896E-5
2023-07-29T00:00:00.000Z,0,2.5892260055115912E-5
2023-07-28T00:00:00.000Z,0,3.782828359059446E-5
2023-07-22T00:00:00.000Z,0,4.429520595294889E-5
2023-07-26T00:00:00.000Z,0,3.041453965124674E-5
2023-07-27T00:00:00.000Z,0,2.6611387208201148E-5
2021-01-25T00:00:00.000Z,0,1.1935494512727018E-5
2021-01-27T00:00:00.000Z,0,
2021-01-26T00:00:00.000Z,0,
2021-01-21T00:00:00.000Z,0,2.0876922280876898E-5
2021-01-22T00:00:00.000Z,0,
2021-01-23T00:00:00.000Z,0,
2021-01-24T00:00:00.000Z,0,
2021-01-28T00:00:00.000Z,0,
2021-07-06T00:00:00.000Z,0,4.1299116370889046E-5
2021-06-30T00:00:00.000Z,0,3.877996505252668E-5
2021-07-03T00:00:00.000Z,0,
2021-07-07T00:00:00.000Z,0,2.399063911677028E-5
2021-07-04T00:00:00.000Z,0,2.95199139751882E-5
2021-07-02T00:00:00.000Z,0,
2021-07-05T00:00:00.000Z,0,2.980445015055011E-5
2021-07-01T00:00:00.000Z,0,1.6932814711860072E-5
2021-11-09T00:00:00.000Z,0,
2021-11-08T00:00:00.000Z,0,
2021-11-11T00:00:00.000Z,0,
2021-11-10T00:00:00.000Z,0,
2021-11-05T00:00:00.000Z,0,
2021-11-12T00:00:00.000Z,0,
2021-11-07T00:00:00.000Z,0,5.865032653673552E-5
2021-11-06T00:00:00.000Z,0,
2022-10-12T00:00:00.000Z,0,2.2769025235902518E-5
2022-10-09T00:00:00.000Z,0,2.7640464395517483E-5
2022-10-13T00:00:00.000Z,0,2.6275792879459914E-5
2022-10-10T00:00:00.000Z,0,
2022-10-07T00:00:00.000Z,0,1.395825283149558E-5
2022-10-08T00:00:00.000Z,0,2.7901760404347442E-5
2022-10-11T00:00:00.000Z,0,
2022-10-14T00:00:00.000Z,0,2.5351297153974883E-5
2022-12-27T00:00:00.000Z,0,
2023-01-01T00:00:00.000Z,0,
2022-12-28T00:00:00.000Z,0,
2022-12-29T00:00:00.000Z,0,
2022-12-30T00:00:00.000Z,0,
2022-12-31T00:00:00.000Z,0,
2022-12-26T00:00:00.000Z,0,
2023-01-02T00:00:00.000Z,0,
2023-05-11T00:00:00.000Z,0,
2023-05-14T00:00:00.000Z,0,8.216747119149659E-6
2023-05-17T00:00:00.000Z,0,2.7568779235783342E-5
2023-05-13T00:00:00.000Z,0,1.1224122317798901E-5
2023-05-12T00:00:00.000Z,0,2.8848129659309052E-5
2023-05-18T00:00:00.000Z,0,1.1566281652145941E-5
2023-05-15T00:00:00.000Z,0,3.347619349369779E-5
2023-05-16T00:00:00.000Z,0,2.0477316562998265E-5
2023-11-02T00:00:00.000Z,0,4.559044282359537E-5
2023-11-01T00:00:00.000Z,0,3.573346854561047E-5
2023-10-28T00:00:00.000Z,0,5.948476549140954E-5
2023-10-26T00:00:00.000Z,0,4.377458299131831E-5
2023-10-31T00:00:00.000Z,0,4.2362682506791316E-5
2023-10-27T00:00:00.000Z,0,5.3429437078496754E-5
2023-10-29T00:00:00.000Z,0,3.429951684665866E-5
2023-10-30T00:00:00.000Z,0,5.533752300834749E-5
2021-03-30T00:00:00.000Z,0,
2021-04-01T00:00:00.000Z,0,4.273125159670599E-5
2021-03-27T00:00:00.000Z,0,
2021-03-31T00:00:00.000Z,0,2.246678313895245E-5
2021-03-28T00:00:00.000Z,0,1.9168489113023195E-5
2021-03-29T00:00:00.000Z,0,
2021-03-26T00:00:00.000Z,0,2.3404438252327964E-5
2021-04-02T00:00:00.000Z,0,3.1414506884175354E-5
2023-02-23T00:00:00.000Z,0,
2023-02-27T00:00:00.000Z,0,
2023-02-24T00:00:00.000Z,0,
2023-02-20T00:00:00.000Z,0,
2023-02-25T00:00:00.000Z,0,
2023-02-21T00:00:00.000Z,0,
2023-02-22T00:00:00.000Z,0,4.3334977817721665E-5
2023-02-26T00:00:00.000Z,0,
2021-02-01T00:00:00.000Z,0,
2021-01-29T00:00:00.000Z,0,
2021-02-03T00:00:00.000Z,0,
2021-02-05T00:00:00.000Z,0,
2021-01-30T00:00:00.000Z,0,
2021-01-31T00:00:00.000Z,0,
2021-02-04T00:00:00.000Z,0,
2021-02-02T00:00:00.000Z,0,
2021-04-24T00:00:00.000Z,0,2.5687302695587277E-5
2021-04-19T00:00:00.000Z,0,2.2442787061057363E-5
2021-04-26T00:00:00.000Z,0,2.8767556007854484E-5
2021-04-23T00:00:00.000Z,0,2.5233592774990637E-5
2021-04-25T00:00:00.000Z,0,2.7855294320033863E-5
2021-04-21T00:00:00.000Z,0,1.80903148248035E-5
2021-04-22T00:00:00.000Z,0,2.1761828975286335E-5
2021-04-20T00:00:00.000Z,0,2.5182089151106386E-5
2023-11-22T00:00:00.000Z,0,4.683438419306185E-5
2023-11-25T00:00:00.000Z,0,
2023-11-24T00:00:00.000Z,0,3.986519732279703E-5
2023-11-19T00:00:00.000Z,0,
2023-11-21T00:00:00.000Z,0,4.212299366675628E-5
2023-11-23T00:00:00.000Z,0,
2023-11-20T00:00:00.000Z,0,3.7025733035989106E-5
2023-11-26T00:00:00.000Z,0,2.7196359951631166E-5
2021-06-17T00:00:00.000Z,0,
2021-06-21T00:00:00.000Z,0,
2021-06-18T00:00:00.000Z,0,3.518624149971098E-5
2021-06-19T00:00:00.000Z,0,2.5253054445784073E-5
2021-06-14T00:00:00.000Z,0,
2021-06-20T00:00:00.000Z,0,
2021-06-15T00:00:00.000Z,0,
2021-06-16T00:00:00.000Z,0,1.2791018207281013E-5
2021-10-05T00:00:00.000Z,0,
2021-10-10T00:00:00.000Z,0,2.794846083512918E-5
2021-10-11T00:00:00.000Z,0,2.77618970964492E-5
2021-10-06T00:00:00.000Z,0,
2021-10-09T00:00:00.000Z,0,1.78708320769753E-5
2021-10-04T00:00:00.000Z,0,
2021-10-07T00:00:00.000Z,0,
2021-10-08T00:00:00.000Z,0,1.3151993380233762E-5
2022-02-21T00:00:00.000Z,0,
2022-02-20T00:00:00.000Z,0,
2022-02-18T00:00:00.000Z,0,
2022-02-19T00:00:00.000Z,0,
2022-02-23T00:00:00.000Z,0,
2022-02-24T00:00:00.000Z,0,3.500661417395653E-5
2022-02-17T00:00:00.000Z,0,
2022-02-22T00:00:00.000Z,0,3.936935657596526E-5
2022-08-25T00:00:00.000Z,0,3.238776177264905E-5
2022-08-27T00:00:00.000Z,0,3.8656290901902444E-5
2022-08-23T00:00:00.000Z,0,
2022-08-22T00:00:00.000Z,0,2.706296375739233E-5
2022-08-26T00:00:00.000Z,0,1.519553188700229E-5
2022-08-20T00:00:00.000Z,0,3.3297535386130526E-5
2022-08-24T00:00:00.000Z,0,3.486775464504414E-5
2022-08-21T00:00:00.000Z,0,1.6571553715039045E-5
2023-04-11T00:00:00.000Z,0,
2023-04-12T00:00:00.000Z,0,2.03440854420478E-5
2023-04-09T00:00:00.000Z,0,-1.654914922255557E-5
2023-04-10T00:00:00.000Z,0,
2023-04-16T00:00:00.000Z,0,2.4398486857535318E-5
2023-04-13T00:00:00.000Z,0,
2023-04-15T00:00:00.000Z,0,
2023-04-14T00:00:00.000Z,0,2.5619521693442948E-5
2021-02-13T00:00:00.000Z,0,
2021-02-11T00:00:00.000Z,0,
2021-02-08T00:00:00.000Z,0,
2021-02-06T00:00:00.000Z,0,
2021-02-12T00:00:00.000Z,0,
2021-02-07T00:00:00.000Z,0,1.3036403591589382E-5
2021-02-09T00:00:00.000Z,0,
2021-02-10T00:00:00.000Z,0,
2023-09-22T00:00:00.000Z,0,3.523266150295967E-5
2023-09-23T00:00:00.000Z,0,3.767056538587591E-5
2023-09-18T00:00:00.000Z,0,2.506298915250227E-5
2023-09-17T00:00:00.000Z,0,3.8125921946630115E-5
2023-09-21T00:00:00.000Z,0,2.3409639349362504E-5
2023-09-20T00:00:00.000Z,0,2.2539775576054428E-5
2023-09-19T00:00:00.000Z,0,
2023-09-16T00:00:00.000Z,0,3.492037285468541E-5
2023-02-13T00:00:00.000Z,0,2.678250136038211E-5
2023-02-19T00:00:00.000Z,0,
2023-02-12T00:00:00.000Z,0,
2023-02-15T00:00:00.000Z,0,
2023-02-18T00:00:00.000Z,0,
2023-02-17T00:00:00.000Z,0,2.1864596419618465E-5
2023-02-14T00:00:00.000Z,0,3.1311442398873623E-5
2023-02-16T00:00:00.000Z,0,
2021-09-19T00:00:00.000Z,0,4.661502316594124E-5
2021-09-18T00:00:00.000Z,0,3.158577237627469E-5
2021-09-24T00:00:00.000Z,0,
2021-09-20T00:00:00.000Z,0,2.4584692255302798E-5
2021-09-23T00:00:00.000Z,0,1.459398481529206E-5
2021-09-22T00:00:00.000Z,0,
2021-09-25T00:00:00.000Z,0,
2021-09-21T00:00:00.000Z,0,
2021-12-23T00:00:00.000Z,0,1.071305321431737E-5
2021-12-24T00:00:00.000Z,0,2.284639558638446E-5
2021-12-29T00:00:00.000Z,0,2.039935588982189E-5
2021-12-30T00:00:00.000Z,0,
2021-12-26T00:00:00.000Z,0,
2021-12-25T00:00:00.000Z,0,
2021-12-28T00:00:00.000Z,0,2.3176597702937823E-5
2021-12-27T00:00:00.000Z,0,1.054937532292873E-5
2022-05-21T00:00:00.000Z,0,
2022-05-22T00:00:00.000Z,0,2.0805415260838345E-5
2022-05-20T00:00:00.000Z,0,
2022-05-23T00:00:00.000Z,0,2.6805373939472094E-5
2022-05-19T00:00:00.000Z,0,
2022-05-17T00:00:00.000Z,0,1.836097908380907E-5
2022-05-18T00:00:00.000Z,0,2.0968243006791454E-5
2022-05-16T00:00:00.000Z,0,3.046032831358995E-5
2022-02-27T00:00:00.000Z,0,
2022-02-26T00:00:00.000Z,0,
2022-02-28T00:00:00.000Z,0,
2022-02-25T00:00:00.000Z,0,
2022-03-03T00:00:00.000Z,0,
2022-03-02T00:00:00.000Z,0,3.075790755246999E-5
2022-03-01T00:00:00.000Z,0,
2022-03-04T00:00:00.000Z,0,2.029575595467274E-5
2022-07-24T00:00:00.000Z,0,2.362756519384372E-5
2022-07-22T00:00:00.000Z,0,
2022-07-26T00:00:00.000Z,0,3.392883051371124E-5
2022-07-21T00:00:00.000Z,0,3.924669787617555E-5
2022-07-23T00:00:00.000Z,0,
2022-07-25T00:00:00.000Z,0,3.720783115568338E-5
2022-07-19T00:00:00.000Z,0,3.612316989650329E-5
2022-07-20T00:00:00.000Z,0,3.2832135123802196E-5
2022-11-14T00:00:00.000Z,0,
2022-11-12T00:00:00.000Z,0,
2022-11-08T00:00:00.000Z,0,8.935869118431583E-6
2022-11-13T00:00:00.000Z,0,
2022-11-11T00:00:00.000Z,0,
2022-11-09T00:00:00.000Z,0,9.819530532695353E-6
2022-11-10T00:00:00.000Z,0,2.7277776098344475E-5
2022-11-15T00:00:00.000Z,0,
2021-09-27T00:00:00.000Z,0,2.7748681532102637E-5
2021-10-01T00:00:00.000Z,0,1.8593853383208625E-5
2021-09-28T00:00:00.000Z,0,2.0759496692335233E-5
2021-09-29T00:00:00.000Z,0,3.260155517637031E-5
2021-10-02T00:00:00.000Z,0,1.1057515621359926E-5
2021-10-03T00:00:00.000Z,0,
2021-09-26T00:00:00.000Z,0,3.025732257810887E-5
2021-09-30T00:00:00.000Z,0,2.6518723643675912E-5
2022-02-16T00:00:00.000Z,0,8.875210733094719E-6
2022-02-14T00:00:00.000Z,0,
2022-02-12T00:00:00.000Z,0,
2022-02-13T00:00:00.000Z,0,
2022-02-10T00:00:00.000Z,0,
2022-02-11T00:00:00.000Z,0,
2022-02-09T00:00:00.000Z,0,4.2200156713079195E-5
2022-02-15T00:00:00.000Z,0,3.4093445719918236E-5
2022-09-20T00:00:00.000Z,0,2.4804737677186495E-5
2022-09-13T00:00:00.000Z,0,3.491675579425646E-5
2022-09-15T00:00:00.000Z,0,3.3850996866628215E-5
2022-09-14T00:00:00.000Z,0,3.048672139508805E-5
2022-09-18T00:00:00.000Z,0,2.925475685818431E-5
2022-09-19T00:00:00.000Z,0,3.294651954396007E-5
2022-09-17T00:00:00.000Z,0,2.4224757908086758E-5
2022-09-16T00:00:00.000Z,0,2.4927517188189086E-5
2022-12-05T00:00:00.000Z,0,
2022-12-07T00:00:00.000Z,0,
2022-12-08T00:00:00.000Z,0,
2022-12-03T00:00:00.000Z,0,
2022-12-06T00:00:00.000Z,0,5.0447012351166144E-5
2022-12-04T00:00:00.000Z,0,
2022-12-09T00:00:00.000Z,0,2.347538293179241E-5
2022-12-02T00:00:00.000Z,0,
2023-01-10T00:00:00.000Z,0,1.79012025303867E-5
2023-01-08T00:00:00.000Z,0,-6.261318503675284E-7
2023-01-09T00:00:00.000Z,0,3.966549381099564E-6
2023-01-03T00:00:00.000Z,0,
2023-01-05T00:00:00.000Z,0,2.411302903055912E-5
2023-01-04T00:00:00.000Z,0,4.083299791091122E-5
2023-01-07T00:00:00.000Z,0,7.047585730409385E-6
2023-01-06T00:00:00.000Z,0,1.436393934757992E-5
2023-07-10T00:00:00.000Z,0,3.4968283822915204E-5
2023-07-06T00:00:00.000Z,0,2.2926064048078842E-5
2023-07-07T00:00:00.000Z,0,
2023-07-09T00:00:00.000Z,0,4.9297723307972774E-5
2023-07-12T00:00:00.000Z,0,5.182740339175022E-5
2023-07-08T00:00:00.000Z,0,
2023-07-13T00:00:00.000Z,0,
2023-07-11T00:00:00.000Z,0,3.2017550135302976E-5
2023-08-01T00:00:00.000Z,0,3.125092856256136E-5
2023-08-04T00:00:00.000Z,0,2.7262864023214206E-5
2023-08-02T00:00:00.000Z,0,2.6191562331708457E-5
2023-07-31T00:00:00.000Z,0,4.782158794114366E-5
2023-08-05T00:00:00.000Z,0,4.5174750994192436E-5
2023-08-03T00:00:00.000Z,0,5.271905683912337E-5
2023-07-30T00:00:00.000Z,0,3.0312617430657458E-5
2023-08-06T00:00:00.000Z,0,
2023-03-15T00:00:00.000Z,0,
2023-03-09T00:00:00.000Z,0,
2023-03-13T00:00:00.000Z,0,1.981907644221792E-5
2023-03-08T00:00:00.000Z,0,
2023-03-10T00:00:00.000Z,0,1.5993810772367095E-5
2023-03-12T00:00:00.000Z,0,1.8369061062154895E-5
2023-03-11T00:00:00.000Z,0,2.508672763864202E-5
2023-03-14T00:00:00.000Z,0,
2021-05-18T00:00:00.000Z,0,2.7255784880253485E-5
2021-05-20T00:00:00.000Z,0,2.5051430839084787E-5
2021-05-16T00:00:00.000Z,0,
2021-05-17T00:00:00.000Z,0,2.668582874321146E-5
2021-05-14T00:00:00.000Z,0,3.185741146201811E-5
2021-05-19T00:00:00.000Z,0,
2021-05-15T00:00:00.000Z,0,1.2948828953085467E-5
2021-05-13T00:00:00.000Z,0,
2021-09-12T00:00:00.000Z,0,
2021-09-13T00:00:00.000Z,0,2.484106971678557E-5
2021-09-14T00:00:00.000Z,0,
2021-09-11T00:00:00.000Z,0,
2021-09-16T00:00:00.000Z,0,1.6603611432704685E-5
2021-09-17T00:00:00.000Z,0,
2021-09-15T00:00:00.000Z,0,2.7574447813094594E-5
2021-09-10T00:00:00.000Z,0,2.1584139479576454E-5
2021-03-04T00:00:00.000Z,0,1.9109762433799915E-5
2021-03-05T00:00:00.000Z,0,1.2882389000878902E-5
2021-03-03T00:00:00.000Z,0,
2021-03-08T00:00:00.000Z,0,
2021-03-09T00:00:00.000Z,0,
2021-03-02T00:00:00.000Z,0,
2021-03-06T00:00:00.000Z,0,
2021-03-07T00:00:00.000Z,0,
2022-10-28T00:00:00.000Z,0,2.3249103833222762E-5
2022-10-29T00:00:00.000Z,0,2.8837763238698244E-5
2022-10-30T00:00:00.000Z,0,
2022-10-25T00:00:00.000Z,0,3.177457195609653E-5
2022-10-27T00:00:00.000Z,0,
2022-10-23T00:00:00.000Z,0,2.5480608201178256E-5
2022-10-26T00:00:00.000Z,0,
2022-10-24T00:00:00.000Z,0,
2023-08-07T00:00:00.000Z,0,2.3203388627734968E-5
2023-08-10T00:00:00.000Z,0,
2023-08-13T00:00:00.000Z,0,3.4587224642261084E-5
2023-08-11T00:00:00.000Z,0,3.734654455911368E-5
2023-08-12T00:00:00.000Z,0,3.237372599566394E-5
2023-08-09T00:00:00.000Z,0,2.8562729615562905E-5
2023-08-08T00:00:00.000Z,0,3.901020172634162E-5
2023-08-14T00:00:00.000Z,0,3.3254717588230655E-5
2023-12-17T00:00:00.000Z,0,2.6881443773163483E-5
2023-12-19T00:00:00.000Z,0,1.7914938628867578E-5
2023-12-15T00:00:00.000Z,0,2.9263828158339795E-5
2023-12-16T00:00:00.000Z,0,
2023-12-14T00:00:00.000Z,0,2.7265002245258074E-5
2023-12-20T00:00:00.000Z,0,2.3100693700447057E-5
2023-12-18T00:00:00.000Z,0,2.095152861632717E-5
2023-12-13T00:00:00.000Z,0,2.53029302257346E-5
2023-07-17T00:00:00.000Z,0,2.4769938439324807E-5
2023-07-18T00:00:00.000Z,0,4.861462336217907E-5
2023-07-21T00:00:00.000Z,0,3.68318721181519E-5
2023-07-15T00:00:00.000Z,0,3.691998548068417E-5
2023-07-14T00:00:00.000Z,0,7.87106159805262E-6
2023-07-19T00:00:00.000Z,0,2.77952409912056E-5
2023-07-20T00:00:00.000Z,0,4.027633409956858E-5
2023-07-16T00:00:00.000Z,0,3.170122872688808E-5
2023-08-28T00:00:00.000Z,0,3.084405276846761E-5
2023-08-30T00:00:00.000Z,0,3.029703839274589E-5
2023-08-24T00:00:00.000Z,0,3.90037669906936E-5
2023-08-23T00:00:00.000Z,0,3.479610131762456E-5
2023-08-27T00:00:00.000Z,0,3.701276145875454E-5
2023-08-29T00:00:00.000Z,0,3.591519210507007E-5
2023-08-25T00:00:00.000Z,0,3.077937102110203E-5
2023-08-26T00:00:00.000Z,0,
2022-03-28T00:00:00.000Z,0,3.7035459172329865E-5
2022-03-27T00:00:00.000Z,0,
2022-03-21T00:00:00.000Z,0,
2022-03-22T00:00:00.000Z,0,
2022-03-26T00:00:00.000Z,0,
2022-03-25T00:00:00.000Z,0,4.3312437507362724E-5
2022-03-24T00:00:00.000Z,0,
2022-03-23T00:00:00.000Z,0,
2022-04-15T00:00:00.000Z,0,2.9273518066474935E-5
2022-04-17T00:00:00.000Z,0,
2022-04-19T00:00:00.000Z,0,
2022-04-21T00:00:00.000Z,0,
2022-04-16T00:00:00.000Z,0,1.6435966244898736E-5
2022-04-14T00:00:00.000Z,0,4.0256815130608935E-5
2022-04-20T00:00:00.000Z,0,
2022-04-18T00:00:00.000Z,0,
2022-09-11T00:00:00.000Z,0,2.1672502953151707E-5
2022-09-12T00:00:00.000Z,0,2.1694035391798632E-5
2022-09-07T00:00:00.000Z,0,3.1549491723126266E-5
2022-09-08T00:00:00.000Z,0,
2022-09-05T00:00:00.000Z,0,2.6485032625108335E-5
2022-09-10T00:00:00.000Z,0,4.195157998765353E-5
2022-09-06T00:00:00.000Z,0,3.302668998609685E-5
2022-09-09T00:00:00.000Z,0,
2023-05-26T00:00:00.000Z,0,3.06465935864253E-5
2023-05-25T00:00:00.000Z,0,2.6146701505543508E-5
2023-05-24T00:00:00.000Z,0,2.643879785561391E-5
2023-05-20T00:00:00.000Z,0,3.050474303260368E-5
2023-05-21T00:00:00.000Z,0,2.4213008146034554E-5
2023-05-23T00:00:00.000Z,0,2.5905190644455917E-5
2023-05-19T00:00:00.000Z,0,
2023-05-22T00:00:00.000Z,0,1.3811787918408905E-5
2021-08-23T00:00:00.000Z,0,2.494601691675295E-5
2021-08-20T00:00:00.000Z,0,
2021-08-19T00:00:00.000Z,0,2.3109956600819714E-5
2021-08-24T00:00:00.000Z,0,3.2422605121003777E-5
2021-08-18T00:00:00.000Z,0,
2021-08-21T00:00:00.000Z,0,3.512791014751807E-5
2021-08-22T00:00:00.000Z,0,1.8623541564011248E-5
2021-08-17T00:00:00.000Z,0,2.5550516208265133E-5
2021-11-02T00:00:00.000Z,0,1.8496953998692334E-5
2021-11-01T00:00:00.000Z,0,
2021-11-03T00:00:00.000Z,0,
2021-10-31T00:00:00.000Z,0,
2021-10-29T00:00:00.000Z,0,2.635765304148663E-5
2021-10-28T00:00:00.000Z,0,
2021-10-30T00:00:00.000Z,0,2.1968183015511993E-5
2021-11-04T00:00:00.000Z,0,
2021-07-18T00:00:00.000Z,0,2.572426546976203E-5
2021-07-21T00:00:00.000Z,0,2.0387686769633245E-5
2021-07-17T00:00:00.000Z,0,3.700347224366851E-5
2021-07-20T00:00:00.000Z,0,2.610480078146793E-5
2021-07-22T00:00:00.000Z,0,
2021-07-16T00:00:00.000Z,0,4.049077651870903E-5
2021-07-23T00:00:00.000Z,0,2.123410907491537E-5
2021-07-19T00:00:00.000Z,0,
2022-01-17T00:00:00.000Z,0,
2022-01-18T00:00:00.000Z,0,2.5379587896168232E-5
2022-01-20T00:00:00.000Z,0,
2022-01-23T00:00:00.000Z,0,
2022-01-16T00:00:00.000Z,0,
2022-01-19T00:00:00.000Z,0,
2022-01-22T00:00:00.000Z,0,
2022-01-21T00:00:00.000Z,0,5.066667654318735E-7
2021-08-30T00:00:00.000Z,0,
2021-08-25T00:00:00.000Z,0,1.632101702853106E-5
2021-08-27T00:00:00.000Z,0,1.4629295606027881E-5
2021-08-29T00:00:00.000Z,0,2.216748877496381E-5
2021-08-26T00:00:00.000Z,0,2.3170704328852782E-5
2021-08-31T00:00:00.000Z,0,5.517139349346204E-5
2021-09-01T00:00:00.000Z,0,2.6742720062126562E-5
2021-08-28T00:00:00.000Z,0,
2022-08-31T00:00:00.000Z,0,2.1260336628377747E-5
2022-08-30T00:00:00.000Z,0,1.670605236843888E-5
2022-09-03T00:00:00.000Z,0,2.8144457549691044E-5
2022-08-29T00:00:00.000Z,0,1.089967554435134E-5
2022-09-02T00:00:00.000Z,0,2.8901445148221683E-5
2022-09-04T00:00:00.000Z,0,
2022-08-28T00:00:00.000Z,0,
2022-09-01T00:00:00.000Z,0,3.108335022261599E-5
2021-07-10T00:00:00.000Z,0,
2021-07-08T00:00:00.000Z,0,3.142489913443569E-5
2021-07-09T00:00:00.000Z,0,2.0651180420827586E-5
2021-07-11T00:00:00.000Z,0,1.3925904265003434E-5
2021-07-14T00:00:00.000Z,0,
2021-07-15T00:00:00.000Z,0,2.5926488281887334E-5
2021-07-12T00:00:00.000Z,0,3.774395281652687E-5
2021-07-13T00:00:00.000Z,0,2.0938036565591272E-5
2022-12-16T00:00:00.000Z,0,
2022-12-12T00:00:00.000Z,0,
2022-12-15T00:00:00.000Z,0,
2022-12-17T00:00:00.000Z,0,
2022-12-13T00:00:00.000Z,0,9.816265446715988E-6
2022-12-14T00:00:00.000Z,0,
2022-12-11T00:00:00.000Z,0,1.0319886617556525E-5
2022-12-10T00:00:00.000Z,0,2.2274350309695972E-5
2021-06-11T00:00:00.000Z,0,2.904118749332459E-5
2021-06-08T00:00:00.000Z,0,1.1758465764917977E-5
2021-06-10T00:00:00.000Z,0,2.454426309365469E-5
2021-06-13T00:00:00.000Z,0,4.2065363231813535E-5
2021-06-07T00:00:00.000Z,0,2.2308581113369048E-5
2021-06-06T00:00:00.000Z,0,2.6288769125433948E-5
2021-06-09T00:00:00.000Z,0,1.901878567878157E-5
2021-06-12T00:00:00.000Z,0,
2023-12-29T00:00:00.000Z,0,2.7727606720873155E-5
2023-12-30T00:00:00.000Z,0,
2021-01-02T00:00:00.000Z,0,
2021-01-01T00:00:00.000Z,0,
2021-01-03T00:00:00.000Z,0,
2021-01-04T00:00:00.000Z,0,2.0443341024171485E-5
2020-12-31T00:00:00.000Z,0,
2021-10-21T00:00:00.000Z,0,2.1277032525783095E-5
2021-10-20T00:00:00.000Z,0,2.6170845255061675E-5
2021-10-27T00:00:00.000Z,0,
2021-10-24T00:00:00.000Z,0,2.275883889524266E-5
2021-10-26T00:00:00.000Z,0,
2021-10-22T00:00:00.000Z,0,2.2289533111082466E-5
2021-10-23T00:00:00.000Z,0,
2021-10-25T00:00:00.000Z,0,1.7213429373441613E-5
2021-05-06T00:00:00.000Z,0,3.133604332106188E-5
2021-05-07T00:00:00.000Z,0,
2021-05-09T00:00:00.000Z,0,3.0460642847174313E-5
2021-05-10T00:00:00.000Z,0,1.9076736407441786E-5
2021-05-11T00:00:00.000Z,0,4.0639936135751974E-5
2021-05-05T00:00:00.000Z,0,
2021-05-12T00:00:00.000Z,0,2.3486120880988892E-5
2021-05-08T00:00:00.000Z,0,
2021-01-08T00:00:00.000Z,0,
2021-01-12T00:00:00.000Z,0,8.90720669607011E-6
2021-01-09T00:00:00.000Z,0,
2021-01-10T00:00:00.000Z,0,
2021-01-07T00:00:00.000Z,0,
2021-01-11T00:00:00.000Z,0,
2021-01-06T00:00:00.000Z,0,
2021-01-05T00:00:00.000Z,0,
2022-08-10T00:00:00.000Z,0,3.088914854743052E-5
2022-08-05T00:00:00.000Z,0,3.0367412364284974E-5
2022-08-08T00:00:00.000Z,0,1.7436593073701562E-5
2022-08-06T00:00:00.000Z,0,3.3823607736849226E-5
2022-08-11T00:00:00.000Z,0,4.2077716595182814E-5
2022-08-04T00:00:00.000Z,0,4.396741648330741E-5
2022-08-09T00:00:00.000Z,0,3.127616370572165E-5
2022-08-07T00:00:00.000Z,0,
2022-01-07T00:00:00.000Z,0,1.2008528604686338E-5
2022-01-02T00:00:00.000Z,0,
2022-01-06T00:00:00.000Z,0,
2022-01-03T00:00:00.000Z,0,1.1313984889701109E-5
2022-01-05T00:00:00.000Z,0,
2022-01-04T00:00:00.000Z,0,
2021-12-31T00:00:00.000Z,0,
2022-01-01T00:00:00.000Z,0,
2023-03-18T00:00:00.000Z,0,2.359430436627008E-5
2023-03-20T00:00:00.000Z,0,
2023-03-19T00:00:00.000Z,0,
2023-03-23T00:00:00.000Z,0,
2023-03-22T00:00:00.000Z,0,3.525175346415684E-5
2023-03-16T00:00:00.000Z,0,2.564692695159465E-5
2023-03-21T00:00:00.000Z,0,
2023-03-17T00:00:00.000Z,0,2.8037924494128674E-5
2023-04-19T00:00:00.000Z,0,1.6775642507127486E-5
2023-04-17T00:00:00.000Z,0,2.2191177170801286E-5
2023-04-20T00:00:00.000Z,0,
2023-04-22T00:00:00.000Z,0,
2023-04-23T00:00:00.000Z,0,2.690719384190743E-5
2023-04-24T00:00:00.000Z,0,2.364659424832401E-5
2023-04-18T00:00:00.000Z,0,1.3769781702421824E-5
2023-04-21T00:00:00.000Z,0,1.6742868410801748E-5
2023-08-17T00:00:00.000Z,0,1.8968865333590657E-5
2023-08-19T00:00:00.000Z,0,1.5919057735421422E-5
2023-08-20T00:00:00.000Z,0,2.5840578018687665E-5
2023-08-18T00:00:00.000Z,0,1.0704343973581368E-5
2023-08-15T00:00:00.000Z,0,3.5788446439255495E-5
2023-08-21T00:00:00.000Z,0,
2023-08-16T00:00:00.000Z,0,3.0427606543526053E-5
2023-08-22T00:00:00.000Z,0,
2021-07-30T00:00:00.000Z,0,2.870140239489653E-5
2021-07-25T00:00:00.000Z,0,3.178355170045203E-5
2021-07-24T00:00:00.000Z,0,2.836971627099653E-5
2021-07-27T00:00:00.000Z,0,4.192179100452146E-5
2021-07-28T00:00:00.000Z,0,2.3440513359673787E-5
2021-07-26T00:00:00.000Z,0,3.3962309923178204E-5
2021-07-29T00:00:00.000Z,0,1.8804873434419278E-5
2021-07-31T00:00:00.000Z,0,3.665893655124819E-5
2021-10-17T00:00:00.000Z,0,2.6102798983629327E-5
2021-10-16T00:00:00.000Z,0,1.901409238295552E-5
2021-10-13T00:00:00.000Z,0,2.3315004303488724E-5
2021-10-14T00:00:00.000Z,0,2.254138113736796E-5
2021-10-12T00:00:00.000Z,0,2.845558810804505E-5
2021-10-19T00:00:00.000Z,0,
2021-10-18T00:00:00.000Z,0,
2021-10-15T00:00:00.000Z,0,3.10674306092551E-5
2022-11-03T00:00:00.000Z,0,4.049411594072202E-5
2022-11-01T00:00:00.000Z,0,
2022-10-31T00:00:00.000Z,0,2.123610920534702E-5
2022-11-02T00:00:00.000Z,0,2.2852569600217976E-5
2022-11-05T00:00:00.000Z,0,
2022-11-07T00:00:00.000Z,0,
2022-11-04T00:00:00.000Z,0,
2022-11-06T00:00:00.000Z,0,
2023-10-15T00:00:00.000Z,0,2.7574576203429995E-5
2023-10-13T00:00:00.000Z,0,3.611027932493016E-5
2023-10-17T00:00:00.000Z,0,4.495618486544117E-5
2023-10-10T00:00:00.000Z,0,2.905172429260953E-5
2023-10-12T00:00:00.000Z,0,
2023-10-14T00:00:00.000Z,0,3.5690313476758696E-5
2023-10-11T00:00:00.000Z,0,3.475835607484138E-5
2023-10-16T00:00:00.000Z,0,3.981431837019045E-5
2023-07-03T00:00:00.000Z,0,
2023-07-05T00:00:00.000Z,0,2.3571201078690745E-5
2023-07-02T00:00:00.000Z,0,2.738178227446042E-5
2023-07-01T00:00:00.000Z,0,3.7311026972020045E-5
2023-07-04T00:00:00.000Z,0,4.183522833045572E-5
2023-06-30T00:00:00.000Z,0,3.0983083888713736E-5
2023-06-28T00:00:00.000Z,0,
2023-06-29T00:00:00.000Z,0,2.1322603060980327E-5
2021-05-25T00:00:00.000Z,0,2.782493872170259E-5
2021-05-21T00:00:00.000Z,0,2.0235657151109383E-5
2021-05-24T00:00:00.000Z,0,3.708638481233114E-5
2021-05-26T00:00:00.000Z,0,
2021-05-22T00:00:00.000Z,0,2.3418658201990183E-5
2021-05-28T00:00:00.000Z,0,
2021-05-27T00:00:00.000Z,0,1.8450137455753673E-5
2021-05-23T00:00:00.000Z,0,
2021-12-02T00:00:00.000Z,0,2.3560834695975547E-5
2021-12-05T00:00:00.000Z,0,
2021-11-29T00:00:00.000Z,0,
2021-12-03T00:00:00.000Z,0,1.8334728641396698E-5
2021-12-06T00:00:00.000Z,0,
2021-12-04T00:00:00.000Z,0,
2021-11-30T00:00:00.000Z,0,
2021-12-01T00:00:00.000Z,0,9.96709604805801E-6
2022-07-02T00:00:00.000Z,0,2.5477476810920052E-5
2022-07-01T00:00:00.000Z,0,
2022-06-28T00:00:00.000Z,0,2.298979143233737E-5
2022-06-26T00:00:00.000Z,0,
2022-06-29T00:00:00.000Z,0,3.130355313866554E-5
2022-06-25T00:00:00.000Z,0,
2022-06-27T00:00:00.000Z,0,
2022-06-30T00:00:00.000Z,0,2.9560273712074075E-5
2023-02-07T00:00:00.000Z,0,
2023-02-04T00:00:00.000Z,0,
2023-02-11T00:00:00.000Z,0,
2023-02-06T00:00:00.000Z,0,
2023-02-08T00:00:00.000Z,0,4.768028702528682E-6
2023-02-09T00:00:00.000Z,0,
2023-02-10T00:00:00.000Z,0,
2023-02-05T00:00:00.000Z,0,
2023-09-02T00:00:00.000Z,0,4.255065505276434E-5
2023-09-03T00:00:00.000Z,0,3.463938476973757E-5
2023-09-05T00:00:00.000Z,0,3.537549188574E-5
2023-09-06T00:00:00.000Z,0,2.946001435096453E-5
2023-09-01T00:00:00.000Z,0,3.400554851396009E-5
2023-08-31T00:00:00.000Z,0,
2023-09-04T00:00:00.000Z,0,3.0337649150169455E-5
2023-09-07T00:00:00.000Z,0,3.5553379954459764E-5
2021-04-04T00:00:00.000Z,0,
2021-04-07T00:00:00.000Z,0,
2021-04-10T00:00:00.000Z,0,
2021-04-08T00:00:00.000Z,0,1.675268322287593E-5
2021-04-05T00:00:00.000Z,0,1.09687902636324E-5
2021-04-06T00:00:00.000Z,0,
2021-04-09T00:00:00.000Z,0,3.2694792328887466E-5
2021-04-03T00:00:00.000Z,0,1.3766972188022919E-5
2022-07-14T00:00:00.000Z,0,
2022-07-12T00:00:00.000Z,0,
2022-07-15T00:00:00.000Z,0,
2022-07-13T00:00:00.000Z,0,
2022-07-11T00:00:00.000Z,0,
2022-07-16T00:00:00.000Z,0,1.9463834360067266E-5
2022-07-18T00:00:00.000Z,0,3.115865547442809E-5
2022-07-17T00:00:00.000Z,0,
2022-03-16T00:00:00.000Z,0,
2022-03-17T00:00:00.000Z,0,4.081362688642306E-5
2022-03-20T00:00:00.000Z,0,
2022-03-19T00:00:00.000Z,0,2.7968955464530154E-5
2022-03-13T00:00:00.000Z,0,4.484889177547302E-5
2022-03-15T00:00:00.000Z,0,
2022-03-14T00:00:00.000Z,0,2.046083227469353E-5
2022-03-18T00:00:00.000Z,0,2.1321292782279972E-5
2023-04-06T00:00:00.000Z,0,2.169734434573911E-5
2023-04-04T00:00:00.000Z,0,
2023-04-08T00:00:00.000Z,0,3.0259829448671855E-5
2023-04-02T00:00:00.000Z,0,1.5678888303227723E-5
2023-04-03T00:00:00.000Z,0,2.741018549083189E-5
2023-04-07T00:00:00.000Z,0,
2023-04-01T00:00:00.000Z,0,3.863935125991702E-5
2023-04-05T00:00:00.000Z,0,1.4923116538057002E-5
2023-11-03T00:00:00.000Z,0,4.23397432314232E-5
2023-11-05T00:00:00.000Z,0,4.527539082725222E-5
2023-11-09T00:00:00.000Z,0,3.092753953145196E-5
2023-11-10T00:00:00.000Z,0,
2023-11-08T00:00:00.000Z,0,4.184875312300088E-5
2023-11-07T00:00:00.000Z,0,3.854215750228226E-5
2023-11-04T00:00:00.000Z,0,
2023-11-06T00:00:00.000Z,0,4.3360759567197725E-5
2021-01-13T00:00:00.000Z,0,
2021-01-15T00:00:00.000Z,0,
2021-01-18T00:00:00.000Z,0,
2021-01-14T00:00:00.000Z,0,
2021-01-17T00:00:00.000Z,0,1.2577894267451484E-5
2021-01-20T00:00:00.000Z,0,
2021-01-16T00:00:00.000Z,0,
2021-01-19T00:00:00.000Z,0,
2021-06-22T00:00:00.000Z,0,2.724869743057449E-5
2021-06-23T00:00:00.000Z,0,4.340290009470967E-5
2021-06-25T00:00:00.000Z,0,2.848766143870307E-5
2021-06-28T00:00:00.000Z,0,2.7142945327796042E-5
2021-06-26T00:00:00.000Z,0,
2021-06-29T00:00:00.000Z,0,4.669683645867432E-5
2021-06-24T00:00:00.000Z,0,
2021-06-27T00:00:00.000Z,0,4.161462857155129E-5
2021-08-03T00:00:00.000Z,0,
2021-08-01T00:00:00.000Z,0,2.7028180435687926E-5
2021-08-07T00:00:00.000Z,0,1.603381533641368E-5
2021-08-06T00:00:00.000Z,0,3.1527387970224176E-5
2021-08-02T00:00:00.000Z,0,2.899375067499932E-5
2021-08-04T00:00:00.000Z,0,
2021-08-05T00:00:00.000Z,0,4.592235745803919E-5
2021-08-08T00:00:00.000Z,0,3.0533519748132676E-5
2022-02-06T00:00:00.000Z,0,
2022-02-08T00:00:00.000Z,0,
2022-02-01T00:00:00.000Z,0,
2022-02-03T00:00:00.000Z,0,1.892534510261612E-5
2022-02-02T00:00:00.000Z,0,
2022-02-07T00:00:00.000Z,0,
2022-02-04T00:00:00.000Z,0,
2022-02-05T00:00:00.000Z,0,
2022-05-30T00:00:00.000Z,0,2.6401388519540585E-5
2022-05-29T00:00:00.000Z,0,
2022-05-31T00:00:00.000Z,0,
2022-05-27T00:00:00.000Z,0,1.8255484595404898E-5
2022-05-25T00:00:00.000Z,0,
2022-05-26T00:00:00.000Z,0,
2022-05-24T00:00:00.000Z,0,
2022-05-28T00:00:00.000Z,0,
2023-01-11T00:00:00.000Z,0,1.4516909322992433E-5
2023-01-12T00:00:00.000Z,0,6.085780887588043E-6
2023-01-14T00:00:00.000Z,0,6.536940266717768E-6
2023-01-15T00:00:00.000Z,0,
2023-01-17T00:00:00.000Z,0,
2023-01-18T00:00:00.000Z,0,
2023-01-16T00:00:00.000Z,0,
2023-01-13T00:00:00.000Z,0,9.810498340812046E-6
2023-05-31T00:00:00.000Z,0,2.6807425759519294E-5
2023-05-28T00:00:00.000Z,0,3.492838247135902E-5
2023-05-29T00:00:00.000Z,0,
2023-05-30T00:00:00.000Z,0,2.4626462618471123E-5
2023-05-27T00:00:00.000Z,0,3.0459808537367888E-5
2023-06-03T00:00:00.000Z,0,2.7989775541451916E-5
2023-06-02T00:00:00.000Z,0,3.777100998073971E-5
2023-06-01T00:00:00.000Z,0,3.1652935225186717E-5
2021-06-04T00:00:00.000Z,0,2.306198909233596E-5
2021-05-30T00:00:00.000Z,0,4.350973176769912E-5
2021-05-31T00:00:00.000Z,0,1.5705117827261954E-5
2021-06-02T00:00:00.000Z,0,4.362932304502465E-5
2021-06-03T00:00:00.000Z,0,2.6261157472617924E-5
2021-06-01T00:00:00.000Z,0,
2021-05-29T00:00:00.000Z,0,4.1917263539896034E-5
2021-06-05T00:00:00.000Z,0,1.6083912602956236E-5
2023-09-26T00:00:00.000Z,0,5.415024558412066E-5
2023-09-29T00:00:00.000Z,0,3.988847674918361E-5
2023-09-27T00:00:00.000Z,0,5.03201772517059E-5
2023-09-30T00:00:00.000Z,0,3.343036981580857E-5
2023-09-25T00:00:00.000Z,0,3.179525689726385E-5
2023-09-28T00:00:00.000Z,0,5.1142177956838473E-5
2023-09-24T00:00:00.000Z,0,5.366742698242888E-5
2023-10-01T00:00:00.000Z,0,3.103801160856771E-5
2021-11-13T00:00:00.000Z,0,
2021-11-14T00:00:00.000Z,0,
2021-11-20T00:00:00.000Z,0,
2021-11-18T00:00:00.000Z,0,2.587280770664317E-5
2021-11-17T00:00:00.000Z,0,
2021-11-16T00:00:00.000Z,0,
2021-11-19T00:00:00.000Z,0,
2021-11-15T00:00:00.000Z,0,
2022-01-14T00:00:00.000Z,0,
2022-01-13T00:00:00.000Z,0,
2022-01-10T00:00:00.000Z,0,
2022-01-15T00:00:00.000Z,0,
2022-01-08T00:00:00.000Z,0,2.0132535307008464E-5
2022-01-09T00:00:00.000Z,0,
2022-01-11T00:00:00.000Z,0,
2022-01-12T00:00:00.000Z,0,
2022-06-23T00:00:00.000Z,0,
2022-06-17T00:00:00.000Z,0,4.136302959523164E-5
2022-06-19T00:00:00.000Z,0,2.789682876027655E-5
2022-06-20T00:00:00.000Z,0,
2022-06-24T00:00:00.000Z,0,1.740462066663895E-5
2022-06-18T00:00:00.000Z,0,1.4605678984480619E-5
2022-06-22T00:00:00.000Z,0,1.3223178757471033E-5
2022-06-21T00:00:00.000Z,0,2.8084898985980544E-5
2022-12-01T00:00:00.000Z,0,2.5227902006008664E-5
2022-11-25T00:00:00.000Z,0,2.454468449286651E-5
2022-11-30T00:00:00.000Z,0,
2022-11-27T00:00:00.000Z,0,
2022-11-29T00:00:00.000Z,0,
2022-11-24T00:00:00.000Z,0,
2022-11-26T00:00:00.000Z,0,
2022-11-28T00:00:00.000Z,0,
2023-05-02T00:00:00.000Z,0,
2023-04-29T00:00:00.000Z,0,
2023-04-25T00:00:00.000Z,0,1.3084078394361617E-5
2023-05-01T00:00:00.000Z,0,
2023-04-26T00:00:00.000Z,0,1.6608557416475378E-5
2023-04-30T00:00:00.000Z,0,1.1775684091238267E-5
2023-04-28T00:00:00.000Z,0,2.4476836188114248E-5
2023-04-27T00:00:00.000Z,0,
2023-06-11T00:00:00.000Z,0,
2023-06-08T00:00:00.000Z,0,3.9040023996979777E-5
2023-06-09T00:00:00.000Z,0,3.164229019603226E-5
2023-06-07T00:00:00.000Z,0,5.9053061704616994E-5
2023-06-06T00:00:00.000Z,0,
2023-06-04T00:00:00.000Z,0,2.585557449492626E-5
2023-06-10T00:00:00.000Z,0,3.724228463397594E-5
2023-06-05T00:00:00.000Z,0,3.618829578044824E-5
2023-11-28T00:00:00.000Z,0,
2023-12-03T00:00:00.000Z,0,
2023-12-01T00:00:00.000Z,0,
2023-12-02T00:00:00.000Z,0,
2023-11-30T00:00:00.000Z,0,
2023-11-29T00:00:00.000Z,0,
2023-12-04T00:00:00.000Z,0,
2023-11-27T00:00:00.000Z,0,2.124234742950648E-5
2023-06-20T00:00:00.000Z,0,3.19269156534574E-5
2023-06-22T00:00:00.000Z,0,2.753129774646368E-5
2023-06-27T00:00:00.000Z,0,2.1257027401588858E-5
2023-06-24T00:00:00.000Z,0,4.896642773625596E-5
2023-06-26T00:00:00.000Z,0,2.7620881458763808E-5
2023-06-21T00:00:00.000Z,0,2.7360307285562158E-5
2023-06-25T00:00:00.000Z,0,2.8015082989440998E-5
2023-06-23T00:00:00.000Z,0,2.676416837251357E-5
2021-02-24T00:00:00.000Z,0,
2021-02-26T00:00:00.000Z,0,
2021-02-22T00:00:00.000Z,0,
2021-02-25T00:00:00.000Z,0,
2021-02-27T00:00:00.000Z,0,
2021-02-23T00:00:00.000Z,0,
2021-02-28T00:00:00.000Z,0,
2021-03-01T00:00:00.000Z,0,
2022-06-02T00:00:00.000Z,0,1.7490983206395565E-5
2022-06-07T00:00:00.000Z,0,2.1801791414569987E-5
2022-06-03T00:00:00.000Z,0,1.822530357458163E-5
2022-06-08T00:00:00.000Z,0,
2022-06-04T00:00:00.000Z,0,
2022-06-01T00:00:00.000Z,0,4.500041177379899E-5
2022-06-05T00:00:00.000Z,0,
2022-06-06T00:00:00.000Z,0,
2022-06-15T00:00:00.000Z,0,
2022-06-11T00:00:00.000Z,0,3.0318602663707377E-5
2022-06-16T00:00:00.000Z,0,8.598661338510283E-6
2022-06-09T00:00:00.000Z,0,-2.5642383813343863E-6
2022-06-10T00:00:00.000Z,0,9.765886185656806E-6
2022-06-13T00:00:00.000Z,0,
2022-06-12T00:00:00.000Z,0,2.5411548146318335E-5
2022-06-14T00:00:00.000Z,0,
2022-09-29T00:00:00.000Z,0,2.0297935710307986E-5
2022-10-02T00:00:00.000Z,0,2.8336177820165176E-5
2022-10-01T00:00:00.000Z,0,
2022-10-05T00:00:00.000Z,0,
2022-10-04T00:00:00.000Z,0,3.434774771449156E-5
2022-09-30T00:00:00.000Z,0,
2022-10-06T00:00:00.000Z,0,
2022-10-03T00:00:00.000Z,0,
2023-03-26T00:00:00.000Z,0,
2023-03-29T00:00:00.000Z,0,1.693643025646452E-5
2023-03-25T00:00:00.000Z,0,
2023-03-30T00:00:00.000Z,0,
2023-03-24T00:00:00.000Z,0,
2023-03-28T00:00:00.000Z,0,
2023-03-27T00:00:00.000Z,0,
2023-03-31T00:00:00.000Z,0,2.5956642275559716E-5
2023-12-06T00:00:00.000Z,0,3.7117952160770074E-5
2023-12-10T00:00:00.000Z,0,
2023-12-11T00:00:00.000Z,0,2.6238815432103973E-5
2023-12-09T00:00:00.000Z,0,
2023-12-05T00:00:00.000Z,0,
2023-12-08T00:00:00.000Z,0,1.886776271931012E-5
2023-12-07T00:00:00.000Z,0,
2023-12-12T00:00:00.000Z,0,2.652074363140855E-5
2022-05-07T00:00:00.000Z,0,1.9780815364356386E-5
2022-05-01T00:00:00.000Z,0,7.537824012615602E-6
2022-05-05T00:00:00.000Z,0,
2022-05-03T00:00:00.000Z,0,
2022-04-30T00:00:00.000Z,0,
2022-05-02T00:00:00.000Z,0,1.6864384178916225E-5
2022-05-06T00:00:00.000Z,0,1.91243752851733E-5
2022-05-04T00:00:00.000Z,0,
2023-02-01T00:00:00.000Z,0,
2023-01-30T00:00:00.000Z,0,
2023-01-28T00:00:00.000Z,0,
2023-02-02T00:00:00.000Z,0,
2023-01-27T00:00:00.000Z,0,
2023-02-03T00:00:00.000Z,0,
2023-01-29T00:00:00.000Z,0,
2023-01-31T00:00:00.000Z,0,
2023-10-25T00:00:00.000Z,0,4.157864168519154E-5
2023-10-23T00:00:00.000Z,0,
2023-10-24T00:00:00.000Z,0,3.7497541294821225E-5
2023-10-22T00:00:00.000Z,0,3.505185365308231E-5
2023-10-21T00:00:00.000Z,0,3.542378635756904E-5
2023-10-19T00:00:00.000Z,0,3.994183134636842E-5
2023-10-20T00:00:00.000Z,0,5.620346625316112E-5
2023-10-18T00:00:00.000Z,0,4.1592221653748616E-5
2021-03-14T00:00:00.000Z,0,1.5093879975817496E-5
2021-03-15T00:00:00.000Z,0,
2021-03-12T00:00:00.000Z,0,2.755203877313761E-5
2021-03-16T00:00:00.000Z,0,
2021-03-17T00:00:00.000Z,0,3.1069844771991485E-5
2021-03-13T00:00:00.000Z,0,
2021-03-11T00:00:00.000Z,0,
2021-03-10T00:00:00.000Z,0,
2021-09-09T00:00:00.000Z,0,2.85168656167419E-5
2021-09-08T00:00:00.000Z,0,2.288875324059821E-5
2021-09-02T00:00:00.000Z,0,3.131581252091564E-5
2021-09-03T00:00:00.000Z,0,2.267874045476977E-5
2021-09-06T00:00:00.000Z,0,4.069578135386109E-5
2021-09-05T00:00:00.000Z,0,
2021-09-07T00:00:00.000Z,0,2.8806870250264183E-5
2021-09-04T00:00:00.000Z,0,1.6062664144556038E-5
2021-11-27T00:00:00.000Z,0,
2021-11-25T00:00:00.000Z,0,
2021-11-23T00:00:00.000Z,0,2.3293128833756782E-5
2021-11-22T00:00:00.000Z,0,
2021-11-28T00:00:00.000Z,0,
2021-11-21T00:00:00.000Z,0,
2021-11-26T00:00:00.000Z,0,
2021-11-24T00:00:00.000Z,0,
2022-03-05T00:00:00.000Z,0,
2022-03-06T00:00:00.000Z,0,1.9027062990062404E-5
2022-03-08T00:00:00.000Z,0,
2022-03-10T00:00:00.000Z,0,2.8313801158219577E-5
2022-03-09T00:00:00.000Z,0,2.271684434163035E-5
2022-03-11T00:00:00.000Z,0,
2022-03-12T00:00:00.000Z,0,
2022-03-07T00:00:00.000Z,0,
2022-08-16T00:00:00.000Z,0,2.7981977109448052E-5
2022-08-18T00:00:00.000Z,0,2.2420163077185862E-5
2022-08-15T00:00:00.000Z,0,1.6612343188171508E-5
2022-08-17T00:00:00.000Z,0,2.6729834947521642E-5
2022-08-14T00:00:00.000Z,0,
2022-08-12T00:00:00.000Z,0,
2022-08-13T00:00:00.000Z,0,
2022-08-19T00:00:00.000Z,0,
2023-09-09T00:00:00.000Z,0,3.543875239605162E-5
2023-09-10T00:00:00.000Z,0,2.9441067757337198E-5
2023-09-14T00:00:00.000Z,0,3.1109406336327083E-5
2023-09-08T00:00:00.000Z,0,2.2337373229674996E-5
2023-09-13T00:00:00.000Z,0,2.7106924486967426E-5
2023-09-11T00:00:00.000Z,0,
2023-09-12T00:00:00.000Z,0,3.683966406242689E-5
2023-09-15T00:00:00.000Z,0,3.698706423165277E-5
2023-01-23T00:00:00.000Z,0,1.6236441789866756E-5
2023-01-22T00:00:00.000Z,0,1.0694703831859442E-5
2023-01-25T00:00:00.000Z,0,
2023-01-26T00:00:00.000Z,0,
2023-01-24T00:00:00.000Z,0,
2023-01-19T00:00:00.000Z,0,
2023-01-21T00:00:00.000Z,0,1.1928123058169149E-5
2023-01-20T00:00:00.000Z,0,
2023-10-04T00:00:00.000Z,0,4.8145947706264756E-5
2023-10-09T00:00:00.000Z,0,5.41759630626378E-5
2023-10-02T00:00:00.000Z,0,2.7420071395075258E-5
2023-10-06T00:00:00.000Z,0,5.0422723385660596E-5
2023-10-07T00:00:00.000Z,0,3.578184320455572E-5
2023-10-05T00:00:00.000Z,0,3.387610704521649E-5
2023-10-03T00:00:00.000Z,0,3.480975901766214E-5
2023-10-08T00:00:00.000Z,0,2.2488822348047204E-5
2022-11-21T00:00:00.000Z,0,2.479593786119949E-5
2022-11-17T00:00:00.000Z,0,
2022-11-23T00:00:00.000Z,0,
2022-11-18T00:00:00.000Z,0,
2022-11-20T00:00:00.000Z,0,
2022-11-22T00:00:00.000Z,0,4.522622111835517E-5
2022-11-16T00:00:00.000Z,0,
2022-11-19T00:00:00.000Z,0,
2022-04-26T00:00:00.000Z,0,
2022-04-23T00:00:00.000Z,0,2.3590017917740624E-5
2022-04-27T00:00:00.000Z,0,
2022-04-28T00:00:00.000Z,0,
2022-04-25T00:00:00.000Z,0,1.7434077790312585E-5
2022-04-22T00:00:00.000Z,0,1.3419973773428259E-5
2022-04-29T00:00:00.000Z,0,
2022-04-24T00:00:00.000Z,0,
2021-03-18T00:00:00.000Z,0,
2021-03-21T00:00:00.000Z,0,
2021-03-20T00:00:00.000Z,0,2.5559360741074972E-5
2021-03-25T00:00:00.000Z,0,
2021-03-23T00:00:00.000Z,0,
2021-03-19T00:00:00.000Z,0,9.285038231610088E-6
2021-03-24T00:00:00.000Z,0,1.1259007260377985E-5
2021-03-22T00:00:00.000Z,0,2.226943524874514E-5
